method,precision,recall,f1
vae,0.058823529411764705,0.045454545454545456,0.05128205128205128
keyword,1.0,0.25,0.4
