{
  "vae_metrics": {
    "precision": 0.058823529411764705,
    "recall": 0.045454545454545456,
    "f1": 0.05128205128205128
  },
  "keyword_metrics": {
    "precision": 1.0,
    "recall": 0.25,
    "f1": 0.4
  },
  "threshold_rationale": {
    "threshold_percentile": 95.0,
    "threshold_value": 0.0010840290924534202,
    "validation_error_mean": 0.00047278005513362586,
    "validation_error_std": 0.0005421221721917391,
    "justification": "Threshold is selected from validation reconstruction error percentile to prioritize recall-oriented risk detection."
  }
}